variable,rmse,mae,correlation,crps,brier_score,pod,far,csi
precipitation,2.002476692199707,0.8951928019523621,0.4557192268179463,0.8685050333571062,0.02036361794793883,0.058823529411764705,0.8636363636363636,0.04285714285714286
wind_speed,2.002525568008423,1.4972480535507202,0.8330303795797455,1.4731562598019567,0.09303082480840003,0.552158273381295,0.1769436997319035,0.49356913183279744
humidity,6.004908561706543,4.757596492767334,0.931279261436022,4.655180878692107,0.08653702015598094,0.517426273458445,0.3873015873015873,0.3898989898989899
