{
  "precipitation": {
    "rmse": 1.630530595779419,
    "mae": 0.8306617736816406,
    "correlation": 0.5810882665328461,
    "crps": 0.8306618013668582,
    "brier_2mm": 0.15027322404371585,
    "pod_2mm": 0.5662650602409639,
    "far_2mm": 0.49732620320855614,
    "csi_2mm": 0.36293436293436293,
    "brier_5mm": 0.05191256830601093,
    "pod_5mm": 0.5,
    "far_5mm": 0.6140350877192983,
    "csi_5mm": 0.27848101265822783,
    "brier_10mm": 0.011839708561020037,
    "pod_10mm": 0.0,
    "far_10mm": 1.0,
    "csi_10mm": 0.0
  },
  "wind_speed": {
    "rmse": 1.4705144166946411,
    "mae": 1.143905520439148,
    "correlation": 0.855026070939104,
    "crps": 1.1439055503228974
  },
  "humidity": {
    "rmse": 4.572723865509033,
    "mae": 3.4188950061798096,
    "correlation": 0.9556295215965726,
    "crps": 3.418895044179128
  }
}