{
  "per_node": {
    "Puncak": {
      "precipitation": {
        "rmse": 1.8486364401339848,
        "mae": 0.7955332702210847,
        "correlation": 0.4895631872466837,
        "crps": NaN,
        "brier_score": 0.01731996353691887,
        "pod": 0.0,
        "far": 1.0,
        "csi": 0.0
      },
      "wind_speed": {
        "rmse": 1.561928436208266,
        "mae": 1.195116163060789,
        "correlation": 0.8753130963618396,
        "crps": NaN,
        "brier_score": 0.04831358249772106,
        "pod": 0.7073170731707317,
        "far": 0.16346153846153846,
        "csi": 0.6214285714285714
      },
      "humidity": {
        "rmse": 5.581998359035565,
        "mae": 3.954836095150971,
        "correlation": 0.9052488267692627,
        "crps": NaN,
        "brier_score": 0.12306289881494986,
        "pod": 0.4350282485875706,
        "far": 0.3125,
        "csi": 0.3632075471698113
      }
    },
    "Lereng_Cibodas": {
      "precipitation": {
        "rmse": 1.8486364401339848,
        "mae": 0.7955332702210847,
        "correlation": 0.4895631872466837,
        "crps": NaN,
        "brier_score": 0.01731996353691887,
        "pod": 0.0,
        "far": 1.0,
        "csi": 0.0
      },
      "wind_speed": {
        "rmse": 1.561928436208266,
        "mae": 1.195116163060789,
        "correlation": 0.8753130963618396,
        "crps": NaN,
        "brier_score": 0.04831358249772106,
        "pod": 0.7073170731707317,
        "far": 0.16346153846153846,
        "csi": 0.6214285714285714
      },
      "humidity": {
        "rmse": 5.286784012117997,
        "mae": 3.754025667063627,
        "correlation": 0.9064506004399594,
        "crps": NaN,
        "brier_score": 0.13673655423883319,
        "pod": 0.42328042328042326,
        "far": 0.33884297520661155,
        "csi": 0.34782608695652173
      }
    },
    "Hilir_Cianjur": {
      "precipitation": {
        "rmse": 2.472547544774529,
        "mae": 0.8796718334176373,
        "correlation": 0.4361864881037243,
        "crps": NaN,
        "brier_score": 0.03099361896080219,
        "pod": 0.14285714285714285,
        "far": 0.8421052631578947,
        "csi": 0.08108108108108109
      },
      "wind_speed": {
        "rmse": 2.6435366033662637,
        "mae": 2.0181346353391354,
        "correlation": 0.7420623240267609,
        "crps": NaN,
        "brier_score": 0.1659070191431176,
        "pod": 0.5935483870967742,
        "far": 0.23333333333333334,
        "csi": 0.5027322404371585
      },
      "humidity": {
        "rmse": 4.199992422458043,
        "mae": 2.952812415638509,
        "correlation": 0.9636957418191736,
        "crps": NaN,
        "brier_score": 0.01276207839562443,
        "pod": 0.5714285714285714,
        "far": 0.7333333333333333,
        "csi": 0.2222222222222222
      }
    }
  },
  "aggregated": {
    "precipitation": {
      "rmse": 2.077530965413276,
      "mae": 0.8235794579532689,
      "correlation": 0.45846735372087,
      "crps": NaN,
      "brier_score": 0.02187784867821331,
      "pod": 0.058823529411764705,
      "far": 0.8888888888888888,
      "csi": 0.04
    },
    "wind_speed": {
      "rmse": 1.98892991773711,
      "mae": 1.4694556538202377,
      "correlation": 0.8355838351207105,
      "crps": NaN,
      "brier_score": 0.08751139471285324,
      "pod": 0.6438848920863309,
      "far": 0.20089285714285715,
      "csi": 0.5541795665634675
    },
    "humidity": {
      "rmse": 5.057955028789375,
      "mae": 3.5538913926177025,
      "correlation": 0.9444459942288894,
      "crps": NaN,
      "brier_score": 0.09085384381646916,
      "pod": 0.4316353887399464,
      "far": 0.35080645161290325,
      "csi": 0.35
    }
  }
}