{
  "precipitation": {
    "rmse": 1.9287960529327393,
    "mae": 0.9787937998771667,
    "correlation": 0.3602993994509664,
    "crps": 0.9222383170933466,
    "brier_2mm": 0.14522869864399918,
    "pod_2mm": 0.08021390374331551,
    "far_2mm": 0.4444444444444444,
    "csi_2mm": 0.07537688442211055,
    "brier_5mm": 0.05203197733252378,
    "pod_5mm": 0.0,
    "far_5mm": 1.0,
    "csi_5mm": 0.0,
    "brier_10mm": 0.0075379477838494234,
    "pod_10mm": 0.0,
    "far_10mm": NaN,
    "csi_10mm": 0.0
  },
  "wind_speed": {
    "rmse": 1.50153386592865,
    "mae": 1.1684271097183228,
    "correlation": 0.8449060827542101,
    "crps": 1.1389136888813909
  },
  "humidity": {
    "rmse": 6.749453544616699,
    "mae": 5.529663562774658,
    "correlation": 0.9450792320554914,
    "crps": 5.150685277956021
  }
}