{
  "per_node": {
    "Puncak": {
      "precipitation": {
        "rmse": 1.814237117767334,
        "mae": 0.7838572263717651,
        "correlation": 0.4946098971067923,
        "crps": 0.7778564456983273,
        "brier_score": 0.015501873797224754,
        "pod": 0.0,
        "far": 1.0,
        "csi": 0.0
      },
      "wind_speed": {
        "rmse": 1.5547175407409668,
        "mae": 1.2029112577438354,
        "correlation": 0.874078918967729,
        "crps": 1.1924854179159083,
        "brier_score": 0.05185961713764813,
        "pod": 0.6178861788617886,
        "far": 0.11627906976744186,
        "csi": 0.5714285714285714
      },
      "humidity": {
        "rmse": 6.321232795715332,
        "mae": 5.385866641998291,
        "correlation": 0.9108911341782331,
        "crps": 5.316288309509988,
        "brier_score": 0.13496910766737566,
        "pod": 0.5988700564971752,
        "far": 0.4207650273224044,
        "csi": 0.41732283464566927
      }
    },
    "Lereng_Cibodas": {
      "precipitation": {
        "rmse": 1.7886451482772827,
        "mae": 0.775435209274292,
        "correlation": 0.5028933671316776,
        "crps": 0.7591845289217993,
        "brier_score": 0.015506938114048416,
        "pod": 0.0,
        "far": 1.0,
        "csi": 0.0
      },
      "wind_speed": {
        "rmse": 1.564327359199524,
        "mae": 1.2120784521102905,
        "correlation": 0.8723856245929609,
        "crps": 1.1881271253085086,
        "brier_score": 0.05126405347918565,
        "pod": 0.6178861788617886,
        "far": 0.11627906976744186,
        "csi": 0.5714285714285714
      },
      "humidity": {
        "rmse": 5.343693733215332,
        "mae": 3.9299190044403076,
        "correlation": 0.89892647779244,
        "crps": 3.758917951917595,
        "brier_score": 0.11898004659171478,
        "pod": 0.43915343915343913,
        "far": 0.3252032520325203,
        "csi": 0.3624454148471616
      }
    },
    "Hilir_Cianjur": {
      "precipitation": {
        "rmse": 2.3535144329071045,
        "mae": 1.1262861490249634,
        "correlation": 0.436918169967232,
        "crps": 1.0684741254511918,
        "brier_score": 0.0300820419325433,
        "pod": 0.14285714285714285,
        "far": 0.8333333333333334,
        "csi": 0.08333333333333333
      },
      "wind_speed": {
        "rmse": 2.6769497394561768,
        "mae": 2.0767548084259033,
        "correlation": 0.7426950211535286,
        "crps": 2.0388562361814535,
        "brier_score": 0.17596880380836624,
        "pod": 0.5,
        "far": 0.22885572139303484,
        "csi": 0.4353932584269663
      },
      "humidity": {
        "rmse": 6.297914981842041,
        "mae": 4.957003593444824,
        "correlation": 0.9593696547538358,
        "crps": 4.890336374648736,
        "brier_score": 0.005661906208852427,
        "pod": 0.5714285714285714,
        "far": 0.5555555555555556,
        "csi": 0.3333333333333333
      }
    }
  },
  "aggregated": {
    "precipitation": {
      "rmse": 2.002476692199707,
      "mae": 0.8951928019523621,
      "correlation": 0.4557192268179463,
      "crps": 0.8685050333571062,
      "brier_score": 0.02036361794793883,
      "pod": 0.058823529411764705,
      "far": 0.8636363636363636,
      "csi": 0.04285714285714286
    },
    "wind_speed": {
      "rmse": 2.002525568008423,
      "mae": 1.4972480535507202,
      "correlation": 0.8330303795797455,
      "crps": 1.4731562598019567,
      "brier_score": 0.09303082480840003,
      "pod": 0.552158273381295,
      "far": 0.1769436997319035,
      "csi": 0.49356913183279744
    },
    "humidity": {
      "rmse": 6.004908561706543,
      "mae": 4.757596492767334,
      "correlation": 0.931279261436022,
      "crps": 4.655180878692107,
      "brier_score": 0.08653702015598094,
      "pod": 0.517426273458445,
      "far": 0.3873015873015873,
      "csi": 0.3898989898989899
    }
  },
  "config": {
    "test_period": "2022-2025",
    "nodes": [
      "Puncak",
      "Lereng_Cibodas",
      "Hilir_Cianjur"
    ],
    "ensemble_size": 30,
    "eval_step_hours": 24,
    "heavy_rain_threshold_mm": 10.0
  }
}