{
  "per_node": {
    "Puncak": {
      "precipitation": {
        "rmse": 1.8284629887695247,
        "mae": 0.802409482947955,
        "correlation": 0.48879684546259683,
        "crps": 0.7863961977282733,
        "brier_score": 0.01632533171275195,
        "pod": 0.0,
        "far": 1.0,
        "csi": 0.0
      },
      "wind_speed": {
        "rmse": 1.588198249181565,
        "mae": 1.244377332648692,
        "correlation": 0.8705331184261067,
        "crps": 1.2180816583880327,
        "brier_score": 0.059254532563557186,
        "pod": 0.5121951219512195,
        "far": 0.08695652173913043,
        "csi": 0.4883720930232558
      },
      "humidity": {
        "rmse": 6.338724879535006,
        "mae": 5.369844101077335,
        "correlation": 0.9058869105594765,
        "crps": 5.234544037556462,
        "brier_score": 0.11791856578547555,
        "pod": 0.288135593220339,
        "far": 0.15,
        "csi": 0.27419354838709675
      }
    },
    "Lereng_Cibodas": {
      "precipitation": {
        "rmse": 1.7943954782253582,
        "mae": 0.7779919223045636,
        "correlation": 0.49919630187833547,
        "crps": 0.7608690667219354,
        "brier_score": 0.015498835207130558,
        "pod": 0.0,
        "far": 1.0,
        "csi": 0.0
      },
      "wind_speed": {
        "rmse": 1.579756479078718,
        "mae": 1.2279028514079213,
        "correlation": 0.8698834275684456,
        "crps": 1.201314126531357,
        "brier_score": 0.05607819305175732,
        "pod": 0.5528455284552846,
        "far": 0.09333333333333334,
        "csi": 0.5230769230769231
      },
      "humidity": {
        "rmse": 5.520905933951369,
        "mae": 4.081178037492166,
        "correlation": 0.895274846706976,
        "crps": 3.913301102877702,
        "brier_score": 0.12021067557986427,
        "pod": 0.41798941798941797,
        "far": 0.30701754385964913,
        "csi": 0.35267857142857145
      }
    },
    "Hilir_Cianjur": {
      "precipitation": {
        "rmse": 2.35036330904072,
        "mae": 0.9671552355645086,
        "correlation": 0.42349961243306833,
        "crps": 0.9426843734230477,
        "brier_score": 0.029398359161349134,
        "pod": 0.14285714285714285,
        "far": 0.8333333333333334,
        "csi": 0.08333333333333333
      },
      "wind_speed": {
        "rmse": 2.661992140636192,
        "mae": 2.070875072544449,
        "correlation": 0.7401829030771634,
        "crps": 2.0439778312164445,
        "brier_score": 0.18105844221614503,
        "pod": 0.4838709677419355,
        "far": 0.22279792746113988,
        "csi": 0.42492917847025496
      },
      "humidity": {
        "rmse": 8.03066648136039,
        "mae": 6.055970302362711,
        "correlation": 0.9449865348015374,
        "crps": 5.858597958836285,
        "brier_score": 0.005513015294236808,
        "pod": 0.14285714285714285,
        "far": 0.5,
        "csi": 0.125
      }
    }
  },
  "aggregated": {
    "precipitation": {
      "rmse": 2.00726511436668,
      "mae": 0.849185546939009,
      "correlation": 0.4553204294838257,
      "crps": 0.8299832126244189,
      "brier_score": 0.02040750869374388,
      "pod": 0.058823529411764705,
      "far": 0.875,
      "csi": 0.041666666666666664
    },
    "wind_speed": {
      "rmse": 2.0086650930990158,
      "mae": 1.5143850855336876,
      "correlation": 0.8327783838774718,
      "crps": 1.487791205378611,
      "brier_score": 0.09879705594381985,
      "pod": 0.5053956834532374,
      "far": 0.1661721068249258,
      "csi": 0.4591503267973856
    },
    "humidity": {
      "rmse": 6.711965424146659,
      "mae": 5.168997480310737,
      "correlation": 0.9231201024443305,
      "crps": 5.002147699756817,
      "brier_score": 0.0812140855531922,
      "pod": 0.3512064343163539,
      "far": 0.2556818181818182,
      "csi": 0.3133971291866029
    }
  },
  "eval_stats": {
    "Puncak": {
      "total_hours": 26321,
      "eval_attempted": 1097,
      "valid_samples": 1097,
      "nan_skipped": 0
    },
    "Lereng_Cibodas": {
      "total_hours": 26321,
      "eval_attempted": 1097,
      "valid_samples": 1097,
      "nan_skipped": 0
    },
    "Hilir_Cianjur": {
      "total_hours": 26321,
      "eval_attempted": 1097,
      "valid_samples": 1097,
      "nan_skipped": 0
    }
  },
  "config": {
    "test_period": "2022-2025",
    "nodes": [
      "Puncak",
      "Lereng_Cibodas",
      "Hilir_Cianjur"
    ],
    "ensemble_size": 30,
    "eval_step_hours": 24,
    "ddim_steps": 20,
    "variables": [
      "precipitation",
      "wind_speed",
      "humidity"
    ],
    "thresholds": {
      "precipitation": 10.0,
      "wind_speed": 10.0,
      "humidity": 90.0
    }
  }
}