{
  "precipitation": {
    "rmse": 0.8780287504196167,
    "mae": 0.2834131717681885,
    "correlation": 0.4545307112131253
  },
  "wind_speed": {
    "rmse": 1.088494896888733,
    "mae": 0.8257661461830139,
    "correlation": 0.898354263121744
  },
  "humidity": {
    "rmse": 2.743708610534668,
    "mae": 1.94822359085083,
    "correlation": 0.9737916163337744
  }
}