{
  "precipitation": {
    "rmse": 1.8839548826217651,
    "mae": 0.9403889775276184,
    "correlation": 0.46653659615585863,
    "crps": 0.887358167086676,
    "brier_2mm": 0.13548775551507794,
    "pod_2mm": 0.058823529411764705,
    "far_2mm": 0.3888888888888889,
    "csi_2mm": 0.05670103092783505,
    "brier_5mm": 0.05136004857316333,
    "pod_5mm": 0.0,
    "far_5mm": NaN,
    "csi_5mm": 0.0,
    "brier_10mm": 0.007302165553531675,
    "pod_10mm": 0.0,
    "far_10mm": NaN,
    "csi_10mm": 0.0
  },
  "wind_speed": {
    "rmse": 1.447072982788086,
    "mae": 1.1222167015075684,
    "correlation": 0.8578281871079326,
    "crps": 1.154050808161696
  },
  "humidity": {
    "rmse": 4.132110118865967,
    "mae": 3.1879777908325195,
    "correlation": 0.9497729095575005,
    "crps": 3.1042381076589813
  }
}