{
  "precipitation": {
    "rmse": 1.9233590364456177,
    "mae": 0.9683380126953125,
    "correlation": 0.45056211493032183,
    "crps": 3.5395565345188813,
    "brier_2mm": 0.14381704108480067,
    "pod_2mm": 0.0213903743315508,
    "far_2mm": 0.3333333333333333,
    "csi_2mm": 0.021164021164021163,
    "brier_5mm": 0.051520947176684886,
    "pod_5mm": 0.0,
    "far_5mm": NaN,
    "csi_5mm": 0.0,
    "brier_10mm": 0.007295081967213114,
    "pod_10mm": 0.0,
    "far_10mm": NaN,
    "csi_10mm": 0.0
  },
  "wind_speed": {
    "rmse": 1.4828464984893799,
    "mae": 1.1418976783752441,
    "correlation": 0.8478428965627858,
    "crps": 1.1135911761738468
  },
  "humidity": {
    "rmse": 5.937969207763672,
    "mae": 4.678927898406982,
    "correlation": 0.9456214260232438,
    "crps": 4.341620566140685
  }
}