{
  "precipitation": {
    "rmse": 1.855566143989563,
    "mae": 0.925979495048523,
    "correlation": 0.4178960446815598,
    "crps": 0.8898622562109232,
    "brier_2mm": 0.13323011536126292,
    "pod_2mm": 0.0855614973262032,
    "far_2mm": 0.4666666666666667,
    "csi_2mm": 0.07960199004975124,
    "brier_5mm": 0.04987856709168185,
    "pod_5mm": 0.0,
    "far_5mm": 1.0,
    "csi_5mm": 0.0,
    "brier_10mm": 0.0073203804897793955,
    "pod_10mm": 0.0,
    "far_10mm": NaN,
    "csi_10mm": 0.0
  },
  "wind_speed": {
    "rmse": 1.4328314065933228,
    "mae": 1.111998438835144,
    "correlation": 0.8577924052942792,
    "crps": 1.1463921391906053
  },
  "humidity": {
    "rmse": 4.00634765625,
    "mae": 3.0230400562286377,
    "correlation": 0.9515094609980052,
    "crps": 2.958989130709003
  }
}