{
  "persistence": {
    "precipitation": {
      "rmse": 1.630530595779419,
      "mae": 0.8306617736816406,
      "correlation": 0.5810882665328461,
      "crps": 0.8306618013668582,
      "brier_2mm": 0.15027322404371585,
      "pod_2mm": 0.5662650602409639,
      "far_2mm": 0.49732620320855614,
      "csi_2mm": 0.36293436293436293,
      "brier_5mm": 0.05191256830601093,
      "pod_5mm": 0.5,
      "far_5mm": 0.6140350877192983,
      "csi_5mm": 0.27848101265822783,
      "brier_10mm": 0.011839708561020037,
      "pod_10mm": 0.0,
      "far_10mm": 1.0,
      "csi_10mm": 0.0
    },
    "wind_speed": {
      "rmse": 1.4705144166946411,
      "mae": 1.143905520439148,
      "correlation": 0.855026070939104,
      "crps": 1.1439055503228974
    },
    "humidity": {
      "rmse": 4.572723865509033,
      "mae": 3.4188950061798096,
      "correlation": 0.9556295215965726,
      "crps": 3.418895044179128
    }
  },
  "mlp_baseline": {
    "precipitation": {
      "rmse": 1.5906486511230469,
      "mae": 0.8560916781425476,
      "correlation": 0.5432926582083656,
      "crps": 0.8183497101335673,
      "brier_2mm": 0.13576705120420968,
      "pod_2mm": 0.3689839572192513,
      "far_2mm": 0.46511627906976744,
      "csi_2mm": 0.2793522267206478,
      "brier_5mm": 0.05122546043311071,
      "pod_5mm": 0.0,
      "far_5mm": NaN,
      "csi_5mm": 0.0,
      "brier_10mm": 0.007285974499089253,
      "pod_10mm": 0.0,
      "far_10mm": NaN,
      "csi_10mm": 0.0
    },
    "wind_speed": {
      "rmse": 1.334441065788269,
      "mae": 1.0293158292770386,
      "correlation": 0.8792798215560049,
      "crps": 0.9753634322842855
    },
    "humidity": {
      "rmse": 3.8927037715911865,
      "mae": 2.9361801147460938,
      "correlation": 0.9541921947894801,
      "crps": 2.8765015174323936
    }
  },
  "diff_only": {
    "precipitation": {
      "rmse": 1.9233590364456177,
      "mae": 0.9683380126953125,
      "correlation": 0.45056211493032183,
      "crps": 3.5395565345188813,
      "brier_2mm": 0.14381704108480067,
      "pod_2mm": 0.0213903743315508,
      "far_2mm": 0.3333333333333333,
      "csi_2mm": 0.021164021164021163,
      "brier_5mm": 0.051520947176684886,
      "pod_5mm": 0.0,
      "far_5mm": NaN,
      "csi_5mm": 0.0,
      "brier_10mm": 0.007295081967213114,
      "pod_10mm": 0.0,
      "far_10mm": NaN,
      "csi_10mm": 0.0
    },
    "wind_speed": {
      "rmse": 1.4828464984893799,
      "mae": 1.1418976783752441,
      "correlation": 0.8478428965627858,
      "crps": 1.1135911761738468
    },
    "humidity": {
      "rmse": 5.937969207763672,
      "mae": 4.678927898406982,
      "correlation": 0.9456214260232438,
      "crps": 4.341620566140685
    }
  },
  "diff_retrieval": {
    "precipitation": {
      "rmse": 1.9287960529327393,
      "mae": 0.9787937998771667,
      "correlation": 0.3602993994509664,
      "crps": 0.9222383170933466,
      "brier_2mm": 0.14522869864399918,
      "pod_2mm": 0.08021390374331551,
      "far_2mm": 0.4444444444444444,
      "csi_2mm": 0.07537688442211055,
      "brier_5mm": 0.05203197733252378,
      "pod_5mm": 0.0,
      "far_5mm": 1.0,
      "csi_5mm": 0.0,
      "brier_10mm": 0.0075379477838494234,
      "pod_10mm": 0.0,
      "far_10mm": NaN,
      "csi_10mm": 0.0
    },
    "wind_speed": {
      "rmse": 1.50153386592865,
      "mae": 1.1684271097183228,
      "correlation": 0.8449060827542101,
      "crps": 1.1389136888813909
    },
    "humidity": {
      "rmse": 6.749453544616699,
      "mae": 5.529663562774658,
      "correlation": 0.9450792320554914,
      "crps": 5.150685277956021
    }
  },
  "diff_gnn": {
    "precipitation": {
      "rmse": 1.8839548826217651,
      "mae": 0.9403889775276184,
      "correlation": 0.46653659615585863,
      "crps": 0.887358167086676,
      "brier_2mm": 0.13548775551507794,
      "pod_2mm": 0.058823529411764705,
      "far_2mm": 0.3888888888888889,
      "csi_2mm": 0.05670103092783505,
      "brier_5mm": 0.05136004857316333,
      "pod_5mm": 0.0,
      "far_5mm": NaN,
      "csi_5mm": 0.0,
      "brier_10mm": 0.007302165553531675,
      "pod_10mm": 0.0,
      "far_10mm": NaN,
      "csi_10mm": 0.0
    },
    "wind_speed": {
      "rmse": 1.447072982788086,
      "mae": 1.1222167015075684,
      "correlation": 0.8578281871079326,
      "crps": 1.154050808161696
    },
    "humidity": {
      "rmse": 4.132110118865967,
      "mae": 3.1879777908325195,
      "correlation": 0.9497729095575005,
      "crps": 3.1042381076589813
    }
  },
  "full_model": {
    "precipitation": {
      "rmse": 1.855566143989563,
      "mae": 0.925979495048523,
      "correlation": 0.4178960446815598,
      "crps": 0.8898622562109232,
      "brier_2mm": 0.13323011536126292,
      "pod_2mm": 0.0855614973262032,
      "far_2mm": 0.4666666666666667,
      "csi_2mm": 0.07960199004975124,
      "brier_5mm": 0.04987856709168185,
      "pod_5mm": 0.0,
      "far_5mm": 1.0,
      "csi_5mm": 0.0,
      "brier_10mm": 0.0073203804897793955,
      "pod_10mm": 0.0,
      "far_10mm": NaN,
      "csi_10mm": 0.0
    },
    "wind_speed": {
      "rmse": 1.4328314065933228,
      "mae": 1.111998438835144,
      "correlation": 0.8577924052942792,
      "crps": 1.1463921391906053
    },
    "humidity": {
      "rmse": 4.00634765625,
      "mae": 3.0230400562286377,
      "correlation": 0.9515094609980052,
      "crps": 2.958989130709003
    }
  }
}