{
  "per_node": {
    "Puncak": {
      "precipitation": {
        "rmse": 2.357322247968032,
        "mae": 1.1888818609579552,
        "correlation": 0.16850671302395065,
        "crps": 1.0824507208823755,
        "brier_score": 0.013673655423883319,
        "pod": 0.0,
        "far": NaN,
        "csi": 0.0
      },
      "wind_speed": {
        "rmse": 4.511818809164251,
        "mae": 3.1871241952683995,
        "correlation": -0.5110640161711741,
        "crps": 2.9404300171764115,
        "brier_score": 0.11212397447584321,
        "pod": 0.0,
        "far": NaN,
        "csi": 0.0
      },
      "humidity": {
        "rmse": 16.40924416509221,
        "mae": 14.687847506054554,
        "correlation": 0.25275656263225227,
        "crps": 14.279205553253213,
        "brier_score": 0.3700749518889902,
        "pod": 0.3163841807909605,
        "far": 0.8610421836228288,
        "csi": 0.10687022900763359
      }
    },
    "Lereng_Cibodas": {
      "precipitation": {
        "rmse": 1.9536909567329708,
        "mae": 1.03498496314419,
        "correlation": 0.24474756507985895,
        "crps": 1.0956899511533478,
        "brier_score": 0.013673655423883319,
        "pod": 0.0,
        "far": NaN,
        "csi": 0.0
      },
      "wind_speed": {
        "rmse": 3.4042755819521076,
        "mae": 2.371173320951088,
        "correlation": 0.3184233851548623,
        "crps": 2.331689264691855,
        "brier_score": 0.11212397447584321,
        "pod": 0.0,
        "far": NaN,
        "csi": 0.0
      },
      "humidity": {
        "rmse": 8.359821994057993,
        "mae": 5.744890531193916,
        "correlation": 0.7389049219318411,
        "crps": 5.73871107977936,
        "brier_score": 0.10741719841993316,
        "pod": 0.3333333333333333,
        "far": 0.27586206896551724,
        "csi": 0.29577464788732394
      }
    },
    "Hilir_Cianjur": {
      "precipitation": {
        "rmse": 3.332701101042657,
        "mae": 2.480719645815678,
        "correlation": -0.21218754067521445,
        "crps": 2.2315605131692853,
        "brier_score": 0.019143117593436645,
        "pod": 0.0,
        "far": NaN,
        "csi": 0.0
      },
      "wind_speed": {
        "rmse": 5.282009303019932,
        "mae": 4.072463655863008,
        "correlation": 0.034980837614005035,
        "crps": 4.06589565745533,
        "brier_score": 0.28258887876025524,
        "pod": 0.0,
        "far": NaN,
        "csi": 0.0
      },
      "humidity": {
        "rmse": 22.65041322042593,
        "mae": 15.897200700034851,
        "correlation": -0.7225893937212973,
        "crps": 15.315289654391258,
        "brier_score": 0.018743036564367467,
        "pod": 0.0,
        "far": 1.0,
        "csi": 0.0
      }
    }
  },
  "aggregated": {
    "precipitation": {
      "rmse": 2.6128383777083104,
      "mae": 1.5681954899726078,
      "correlation": -0.01032656064986608,
      "crps": 1.4699003950683363,
      "brier_score": 0.015496809480401094,
      "pod": 0.0,
      "far": NaN,
      "csi": 0.0
    },
    "wind_speed": {
      "rmse": 4.466364050014762,
      "mae": 3.2102537240274986,
      "correlation": 0.06683994171794307,
      "crps": 3.1126716464411994,
      "brier_score": 0.1689456092373139,
      "pod": 0.0,
      "far": NaN,
      "csi": 0.0
    },
    "humidity": {
      "rmse": 16.85418975505294,
      "mae": 12.109979579094441,
      "correlation": 0.25401479885968753,
      "crps": 11.777735429141275,
      "brier_score": 0.1654117289577636,
      "pod": 0.3190348525469169,
      "far": 0.765748031496063,
      "csi": 0.15616797900262466
    }
  }
}