{
  "per_node": {
    "Puncak": {
      "precipitation": {
        "rmse": 2.4709108248219565,
        "mae": 1.088062912878795,
        "correlation": 0.0328449283727921,
        "crps": NaN,
        "brier_score": 0.014585232452142206,
        "pod": 0.0,
        "far": 1.0,
        "csi": 0.0
      },
      "wind_speed": {
        "rmse": 3.159309578049753,
        "mae": 2.777857450104455,
        "correlation": 0.8454200527063496,
        "crps": NaN,
        "brier_score": 0.16043755697356427,
        "pod": 0.943089430894309,
        "far": 0.5929824561403508,
        "csi": 0.3972602739726027
      },
      "humidity": {
        "rmse": 7.254532490717178,
        "mae": 5.46594877773344,
        "correlation": 0.8884252637901842,
        "crps": NaN,
        "brier_score": 0.1276207839562443,
        "pod": 0.3728813559322034,
        "far": 0.30526315789473685,
        "csi": 0.32038834951456313
      }
    },
    "Lereng_Cibodas": {
      "precipitation": {
        "rmse": 1.8072613283188557,
        "mae": 0.9417109753938228,
        "correlation": 0.4259886927096831,
        "crps": NaN,
        "brier_score": 0.013673655423883319,
        "pod": 0.0,
        "far": NaN,
        "csi": 0.0
      },
      "wind_speed": {
        "rmse": 1.5521340611343384,
        "mae": 1.2132014539313511,
        "correlation": 0.8827236315059067,
        "crps": NaN,
        "brier_score": 0.04649042844120328,
        "pod": 0.6422764227642277,
        "far": 0.08139534883720931,
        "csi": 0.6076923076923076
      },
      "humidity": {
        "rmse": 4.953882244320325,
        "mae": 3.811097092050363,
        "correlation": 0.9141889726965604,
        "crps": NaN,
        "brier_score": 0.12123974475843209,
        "pod": 0.3862433862433862,
        "far": 0.18888888888888888,
        "csi": 0.35436893203883496
      }
    },
    "Hilir_Cianjur": {
      "precipitation": {
        "rmse": 19.004057632317444,
        "mae": 11.495919925468883,
        "correlation": 0.3509881789401535,
        "crps": NaN,
        "brier_score": 0.4074749316317229,
        "pod": 0.8571428571428571,
        "far": 0.961038961038961,
        "csi": 0.03870967741935484
      },
      "wind_speed": {
        "rmse": 4.242781870810477,
        "mae": 3.505335481794943,
        "correlation": 0.6331571484940492,
        "crps": NaN,
        "brier_score": 0.5141294439380127,
        "pod": 0.967741935483871,
        "far": 0.6487119437939111,
        "csi": 0.3472222222222222
      },
      "humidity": {
        "rmse": 12.232082113020336,
        "mae": 10.436358678742986,
        "correlation": 0.9315210930504209,
        "crps": NaN,
        "brier_score": 0.01731996353691887,
        "pod": 0.2857142857142857,
        "far": 0.875,
        "csi": 0.09523809523809523
      }
    }
  },
  "aggregated": {
    "precipitation": {
      "rmse": 11.113442315584944,
      "mae": 4.5085646045805,
      "correlation": 0.17326301468237115,
      "crps": NaN,
      "brier_score": 0.1452446065025828,
      "pod": 0.35294117647058826,
      "far": 0.9611231101511879,
      "csi": 0.036290322580645164
    },
    "wind_speed": {
      "rmse": 3.182847527868106,
      "mae": 2.49879812861025,
      "correlation": 0.7316118468390113,
      "crps": NaN,
      "brier_score": 0.24035247645092678,
      "pod": 0.8902877697841727,
      "far": 0.5959183673469388,
      "csi": 0.3849144634525661
    },
    "humidity": {
      "rmse": 8.694692322889397,
      "mae": 6.57113484950893,
      "correlation": 0.8277791674709897,
      "crps": NaN,
      "brier_score": 0.08872683075053175,
      "pod": 0.3780160857908847,
      "far": 0.29850746268656714,
      "csi": 0.325635103926097
    }
  }
}