{
  "precipitation": {
    "rmse": 1.5906486511230469,
    "mae": 0.8560916781425476,
    "correlation": 0.5432926582083656,
    "crps": 0.8183497101335673,
    "brier_2mm": 0.13576705120420968,
    "pod_2mm": 0.3689839572192513,
    "far_2mm": 0.46511627906976744,
    "csi_2mm": 0.2793522267206478,
    "brier_5mm": 0.05122546043311071,
    "pod_5mm": 0.0,
    "far_5mm": NaN,
    "csi_5mm": 0.0,
    "brier_10mm": 0.007285974499089253,
    "pod_10mm": 0.0,
    "far_10mm": NaN,
    "csi_10mm": 0.0
  },
  "wind_speed": {
    "rmse": 1.334441065788269,
    "mae": 1.0293158292770386,
    "correlation": 0.8792798215560049,
    "crps": 0.9753634322842855
  },
  "humidity": {
    "rmse": 3.8927037715911865,
    "mae": 2.9361801147460938,
    "correlation": 0.9541921947894801,
    "crps": 2.8765015174323936
  }
}