{
  "precipitation": {
    "crps": 0.8299832126244189,
    "brier_score": 0.02040750869374388,
    "pod": 0.058823529411764705,
    "far": 0.875,
    "csi": 0.041666666666666664
  },
  "wind_speed": {
    "crps": 1.487791205378611,
    "brier_score": 0.09879705594381985,
    "pod": 0.5053956834532374,
    "far": 0.1661721068249258,
    "csi": 0.4591503267973856
  },
  "humidity": {
    "crps": 5.002147699756817,
    "brier_score": 0.0812140855531922,
    "pod": 0.3512064343163539,
    "far": 0.2556818181818182,
    "csi": 0.3133971291866029
  }
}