{
  "precipitation": {
    "crps": 0.8685050333571062,
    "brier_score": 0.02036361794793883,
    "pod": 0.058823529411764705,
    "far": 0.8636363636363636,
    "csi": 0.04285714285714286
  },
  "wind_speed": {
    "crps": 1.4731562598019567,
    "brier_score": 0.09303082480840003,
    "pod": 0.552158273381295,
    "far": 0.1769436997319035,
    "csi": 0.49356913183279744
  },
  "humidity": {
    "crps": 4.655180878692107,
    "brier_score": 0.08653702015598094,
    "pod": 0.517426273458445,
    "far": 0.3873015873015873,
    "csi": 0.3898989898989899
  }
}