{
  "2.0": {
    "n_events": 424,
    "pod": 0.41509433962264153,
    "far": 0.3888888888888889,
    "csi": 0.3283582089552239,
    "brier": 0.10639825787501266,
    "hits": 176,
    "false_alarms": 112,
    "misses": 248,
    "correct_negatives": 2755
  },
  "5.0": {
    "n_events": 153,
    "pod": 0.24836601307189543,
    "far": 0.6161616161616161,
    "csi": 0.17757009345794392,
    "brier": 0.05229143455214558,
    "hits": 38,
    "false_alarms": 61,
    "misses": 115,
    "correct_negatives": 3077
  },
  "10.0": {
    "n_events": 51,
    "pod": 0.058823529411764705,
    "far": 0.8695652173913043,
    "csi": 0.04225352112676056,
    "brier": 0.020412235389445966,
    "hits": 3,
    "false_alarms": 20,
    "misses": 48,
    "correct_negatives": 3220
  }
}