{
  "per_node": {
    "Puncak": {
      "precipitation": {
        "rmse": 1.8301200251618677,
        "mae": 0.8005477579525744,
        "correlation": 0.48718058589397334,
        "crps": 0.7859866194245737,
        "brier_score": 0.01613288767345285,
        "pod": 0.0,
        "far": 1.0,
        "csi": 0.0
      },
      "wind_speed": {
        "rmse": 1.5899920115712003,
        "mae": 1.245695876879592,
        "correlation": 0.8702548339329214,
        "crps": 1.2190129113652979,
        "brier_score": 0.05942773219892637,
        "pod": 0.5121951219512195,
        "far": 0.08695652173913043,
        "csi": 0.4883720930232558
      },
      "humidity": {
        "rmse": 6.334779126192375,
        "mae": 5.359392533002382,
        "correlation": 0.9061983655040059,
        "crps": 5.234645863350167,
        "brier_score": 0.11837739288969919,
        "pod": 0.288135593220339,
        "far": 0.15,
        "csi": 0.27419354838709675
      }
    },
    "Lereng_Cibodas": {
      "precipitation": {
        "rmse": 1.7987048475932232,
        "mae": 0.7800904330538557,
        "correlation": 0.49657864702673277,
        "crps": 0.7624557000477034,
        "brier_score": 0.015501873797224754,
        "pod": 0.0,
        "far": 1.0,
        "csi": 0.0
      },
      "wind_speed": {
        "rmse": 1.5783515868858973,
        "mae": 1.2270817660209583,
        "correlation": 0.8701373051676098,
        "crps": 1.2019890880105972,
        "brier_score": 0.056124784766535,
        "pod": 0.5528455284552846,
        "far": 0.09333333333333334,
        "csi": 0.5230769230769231
      },
      "humidity": {
        "rmse": 5.499096266141445,
        "mae": 4.065346922131159,
        "correlation": 0.8963385549563103,
        "crps": 3.904411154538076,
        "brier_score": 0.11875012660792059,
        "pod": 0.41798941798941797,
        "far": 0.29464285714285715,
        "csi": 0.35585585585585583
      }
    },
    "Hilir_Cianjur": {
      "precipitation": {
        "rmse": 2.3497601262142855,
        "mae": 0.9658878171254449,
        "correlation": 0.4236409589548702,
        "crps": 0.9419925018478073,
        "brier_score": 0.02934163881292414,
        "pod": 0.14285714285714285,
        "far": 0.8235294117647058,
        "csi": 0.08571428571428572
      },
      "wind_speed": {
        "rmse": 2.661907075427209,
        "mae": 2.072565641311917,
        "correlation": 0.7400853108050638,
        "crps": 2.0443888202878915,
        "brier_score": 0.1814230730274486,
        "pod": 0.4838709677419355,
        "far": 0.22279792746113988,
        "csi": 0.42492917847025496
      },
      "humidity": {
        "rmse": 8.02814740966951,
        "mae": 6.054315064533689,
        "correlation": 0.9456055197585055,
        "crps": 5.855354435048566,
        "brier_score": 0.005366150106350653,
        "pod": 0.14285714285714285,
        "far": 0.5,
        "csi": 0.125
      }
    }
  },
  "aggregated": {
    "precipitation": {
      "rmse": 2.0088181505552307,
      "mae": 0.848842002710625,
      "correlation": 0.4542736177764985,
      "crps": 0.830144940440028,
      "brier_score": 0.020325466761200582,
      "pod": 0.058823529411764705,
      "far": 0.8636363636363636,
      "csi": 0.04285714285714286
    },
    "wind_speed": {
      "rmse": 2.0087324035234175,
      "mae": 1.5151144280708224,
      "correlation": 0.8327713558765614,
      "crps": 1.4884636065545955,
      "brier_score": 0.09899186333096999,
      "pod": 0.5053956834532374,
      "far": 0.1661721068249258,
      "csi": 0.4591503267973856
    },
    "humidity": {
      "rmse": 6.703746145584488,
      "mae": 5.159684839889077,
      "correlation": 0.9235218405923414,
      "crps": 4.998137150978937,
      "brier_score": 0.08083122320132348,
      "pod": 0.3512064343163539,
      "far": 0.2471264367816092,
      "csi": 0.31490384615384615
    }
  }
}